Profile,Company Name,Location,Links
Software Developer( Java or Groovy/Google Cloud),RK Management Consultants,"Minneapolis, MN",https://job-openings.monster.com/software-developer-java-or-groovy-google-cloud-minneapolis-mn-us-rk-management-consultants/219705585
Database Architect/DBA (Google Cloud Data Lake),Odesus Inc,"Los Angeles, CA",https://job-openings.monster.com/database-architect-dba-google-cloud-data-lake-los-angeles-ca-us-odesus-inc/223470154
Full Stack Java Developer [Spring and Google Cloud Platform],Saicon Consultants Inc.,"Dunwoody, GA",https://job-openings.monster.com/full-stack-java-developer-spring-google-cloud-platform-dunwoody-ga-us-saicon-consultants-inc/223626563
Google Cloud Sys Engineer  (DevOps/SE),Ciber Global,"Orlando, FL",https://job-openings.monster.com/google-cloud-sys-engineer-devops-se-orlando-fl-us-ciber-global/223066666
Google Cloud Database Engineer / Architect,Genuent,"Mountain View, CA",https://job-openings.monster.com/google-cloud-database-engineer-architect-mountain-view-ca-us-genuent/223510726
Azure Cloud Developer,IBM,"Baton Rouge, LA",https://job-openings.monster.com/azure-cloud-developer-baton-rouge-la-us-ibm/223697239
"Data Scientist - Big Data, AWS/Azure, Statistical Analysis",CyberCoders,"Everett, WA",https://job-openings.monster.com/data-scientist-big-data-aws-azure-statistical-analysis-everett-wa-us-cybercoders/223742634
Mobile Dev (IOS or Android)/AWS,Fidelity TalentSource,"Durham, NC",https://job-openings.monster.com/mobile-dev-ios-or-android-aws-durham-nc-us-fidelity-talentsource/f980694d-09de-41ed-842f-522de68d7fe5
Senior Lead IT Cloud Engineer - Virtual,"Lumen Technologies, Inc","BROOMFIELD, CO",https://job-openings.monster.com/senior-lead-it-cloud-engineer-virtual-broomfield-co-us-lumen-technologies-inc/50364efb-290c-4450-9f53-b261c843a07c
Cloud Infrastructure Manager,Washington Health Benefit Exchange,"Olympia, WA",https://job-openings.monster.com/cloud-infrastructure-manager-olympia-wa-us-washington-health-benefit-exchange/5b0377f2-b611-4e7e-bc4e-71cd9b04c45e
"Senior Software Engineer - Java, AWS, Remote",CyberCoders,"Austin, TX",https://job-openings.monster.com/senior-software-engineer-java-aws-remote-austin-tx-us-cybercoders/223743022
Data Science – Adjunct Teaching Opportunity,Bryant University,"Esmond, RI",https://job-openings.monster.com/data-science-–-adjunct-teaching-opportunity-esmond-ri-us-bryant-university/223274569
Principal Security Consultant,Kratos Defense & Security Solutions,"Chantilly, VA",https://job-openings.monster.com/principal-security-consultant-chantilly-va-us-kratos-defense-security-solutions/abb071e9-ddc4-481a-9d98-3f0408063982
Full Stack Developer,Power Fusion Media,SD,https://job-openings.monster.com/full-stack-developer-sd-us-power-fusion-media/e56b5bd0-184d-4d68-a971-b0f490be5bf3
Java App Developer,"Pyramid Consulting, Inc","McLean, VA",https://job-openings.monster.com/java-app-developer-mclean-va-us-pyramid-consulting-inc/2f621120-90ec-4f88-a3b6-737f1be9331a
Platform Architect,Rock Central,"Detroit, MI",https://job-openings.monster.com/platform-architect-detroit-mi-us-rock-central/7f434278-6df0-4e10-a819-b8d10ae822a4
UX Developer,Applied Resource Group,"Lawrenceville, GA",https://job-openings.monster.com/ux-developer-lawrenceville-ga-us-applied-resource-group/222764419
Senior Network and Systems Engineer,Just-Tech LLC,"Manhattan, NY",https://job-openings.monster.com/senior-network-systems-engineer-manhattan-ny-us-just-tech-llc/223214212
Systems Architect,"Quicken Loans, LLC","Detroit, MI",https://job-openings.monster.com/systems-architect-detroit-mi-us-quicken-loans-llc/6a3a71a0-e2e8-4dff-88e7-b489924a4068
Remote Application (Scala) Developer ? Senior,Kelly Mitchell,"St. Louis, MO",https://job-openings.monster.com/remote-application-scala-developer-senior-st-louis-mo-us-kelly-mitchell/2691832e-cff6-4a60-b371-798152ba7da9
Senior iOS Mobile Software Engineer,Globant LLC,"Seattle, WA",https://job-openings.monster.com/senior-ios-mobile-software-engineer-seattle-wa-us-globant-llc/223554107
Technology Engineer,PSEG,"Newark, NJ",https://job-openings.monster.com/technology-engineer-newark-nj-us-pseg/223485576
DevOps Engineer,Honeywell,"Broomfield, CO",https://job-openings.monster.com/devops-engineer-broomfield-co-us-honeywell/223125484
Software Engineers,Riverpoint Management LLC,"Rosemont, IL",https://job-openings.monster.com/software-engineers-rosemont-il-us-riverpoint-management-llc/223094884
Java GCP Lead,Company Confidential,"Saint Louis, MO",https://job-openings.monster.com/java-gcp-lead-saint-louis-mo-us/223690926
Cloud Project Manager,Openlogix Corporation,"corning, NY",https://job-openings.monster.com/cloud-project-manager-corning-ny-us-openlogix-corporation/223640530
Back End Developer,Rocket Homes,"Detroit, MI",https://job-openings.monster.com/back-end-developer-detroit-mi-us-rocket-homes/939e4934-1c0f-480d-b644-8b080796523e
Manager of Application Development (Web/Mobile/Cloud),CBTS a Cincinnati Bell Company,"Phoenix, AZ",https://job-openings.monster.com/manager-of-application-development-web-mobile-cloud-phoenix-az-us-cbts-a-cincinnati-bell-company/217602951
Inbound Lead Generation Manager,IDIQ,"Temecula, CA",https://job-openings.monster.com/inbound-lead-generation-manager-temecula-ca-us-idiq/3a5016a6-57b6-4eda-8eb1-87dd8e4b2485
Systems Reliability Engineer,"Beacon Hill Staffing Group, LLC","Los Angeles, CA",https://job-openings.monster.com/systems-reliability-engineer-los-angeles-ca-us-beacon-hill-staffing-group-llc/223724471
Cloud Data Architect & Engineer - GCP,Virtusa,"FREMONT, CA",https://job-openings.monster.com/cloud-data-architect-engineer-gcp-fremont-ca-us-virtusa/216577707
Cloud Architect,Technosoft,"Decatur, GA",https://job-openings.monster.com/cloud-architect-decatur-ga-us-technosoft/223277005
Solutions Architect,JDSAT,"McLean, VA",https://job-openings.monster.com/solutions-architect-mclean-va-us-jdsat/223436787
Account Development Representative - Cloud,Arrow Electronics,"Centennial, CO",https://job-openings.monster.com/account-development-representative-cloud-centennial-co-us-arrow-electronics/ecfcab54-3c72-4799-8bef-1628bf8ffce8
Enterprise Cloud Engineer TS/SCI,FYI - For Your Information Inc.,"Reston, VA",https://job-openings.monster.com/enterprise-cloud-engineer-ts-sci-reston-va-us-fyi-for-your-information-inc/223038856
SAP Project Manager,The Baer Group,"Herndon, VA",https://job-openings.monster.com/sap-project-manager-herndon-va-us-the-baer-group/785d9732-bf97-499d-95bb-fe8413e55b9d
"Data Scientist - Big Data, AWS/Azure, Statistical Analysis",CyberCoders,"Everett, WA",https://job-openings.monster.com/data-scientist-big-data-aws-azure-statistical-analysis-everett-wa-us-cybercoders/223742634
Senior Software Engineer,ePlus inc.,"Richmond, VA",https://job-openings.monster.com/senior-software-engineer-richmond-va-us-eplus-inc/219751128
ETL Developer / Data Engineer,Capricorn Systems,"Richmond, VA",https://job-openings.monster.com/etl-developer-data-engineer-richmond-va-us-capricorn-systems/223381133
Senior Software Engineer - Cloud Security,Bloomberg,"New York, NY",https://job-openings.monster.com/senior-software-engineer-cloud-security-new-york-ny-us-bloomberg/a713a1e3-6c45-4f80-ab2f-65148449eb5b
DBA with Magento(100% Remote),ITBMS,"Houston, TX",https://job-openings.monster.com/dba-with-magento-100-remote-houston-tx-us-itbms/223066611
"FedRAMP DevOps Engineer, Cloud Operations",Teradata,"San Diego, CA",https://job-openings.monster.com/fedramp-devops-engineer-cloud-operations-san-diego-ca-us-teradata/a9658981-a8e0-4fd7-ae89-c73e4767bd85
"Senior Manager, Data and Machine Learning Engineering",Capital One,"Fairfield, NY",https://job-openings.monster.com/senior-manager-data-machine-learning-engineering-fairfield-ny-us-capital-one/bf2c9e60-99b6-46fe-9c26-0ffe5bee5b2e
Software Systems Engineer Mgr II,ABBTECH Professional Resources,"Washington, DC",https://job-openings.monster.com/software-systems-engineer-mgr-ii-washington-dc-us-abbtech-professional-resources/223117812
Devops Engineer (Cloud Devops Specialist),Alans Group,"New York City, NY",https://job-openings.monster.com/devops-engineer-cloud-devops-specialist-new-york-city-ny-us-alans-group/223623006
UI Developer / Angular / Typescript / Frontend / User Interface Developer,Iris Software Inc.,"Newark, NJ",https://job-openings.monster.com/ui-developer-angular-typescript-frontend-user-interface-developer-newark-nj-us-iris-software-inc/223465655
Marketo Tech Lead / Architect,"Queen Consulting Group, Inc","Lexington, MA",https://job-openings.monster.com/marketo-tech-lead-architect-lexington-ma-us-queen-consulting-group-inc/223354416
Manager - Platform Infrastructure Services,Arlington ISD,"Arlington, TX",https://job-openings.monster.com/manager-platform-infrastructure-services-arlington-tx-us-arlington-isd/223733290
Senior Manager Cloud Infrastructure and Support,"BioIntelliSense , Inc.","Golden, CO",https://job-openings.monster.com/senior-manager-cloud-infrastructure-support-golden-co-us-biointellisense-inc/df9ac4cf-2fce-4fe4-b7f1-ed8d48f857da
Director of Cloud Engineering,Devo,"Cambridge, MA",https://job-openings.monster.com/director-of-cloud-engineering-cambridge-ma-us-devo/57d398ea-148c-4c81-970b-6b446210ea00
Java Full-Stack Developer,Cays Corp,"Southfield, MI",https://job-openings.monster.com/java-full-stack-developer-southfield-mi-us-cays-corp/222733428
Transcoding Media Developer,CBTS,"Cincinnati, OH",https://job-openings.monster.com/transcoding-media-developer-cincinnati-oh-us-cbts/221880595
Senior Technology Strategy Consultant - Cloud Productivity,Indigo Slate,"Bellevue, WA",https://job-openings.monster.com/senior-technology-strategy-consultant-cloud-productivity-bellevue-wa-us-indigo-slate/223514494
Content Marketing Manager (Work from Home),"Ipro Tech, LLC","Tempe, AZ",https://job-openings.monster.com/content-marketing-manager-work-from-home-tempe-az-us-ipro-tech-llc/223166379
GCP Data Engineer,Krea Technology LLC,"West Mifflin, PA",https://job-openings.monster.com/gcp-data-engineer-west-mifflin-pa-us-krea-technology-llc/223366844
Java Microservices Cloud Developer,BCforward,"plano, TX",https://job-openings.monster.com/java-microservices-cloud-developer-plano-tx-us-bcforward/223238113
AWS Partnership & Alliance Manager,Kaizen Technology Partners,"SAN FRANCISCO, CA",https://job-openings.monster.com/aws-partnership-alliance-manager-san-francisco-ca-us-kaizen-technology-partners/222597118
Sr. GCP Cloud Developer,Cognizant,"Stamford, CT",https://job-openings.monster.com/sr-gcp-cloud-developer-stamford-ct-us-cognizant/223136368
Cloud Infrastructure Engineer,ZoomInfo,"Wellesley Hills, MA",https://job-openings.monster.com/cloud-infrastructure-engineer-wellesley-hills-ma-us-zoominfo/f960f3dc-9b08-47d5-a547-4effd602ca9a
Integration Architect,"Computer Recruiters, Inc.","Chicago, IL",https://job-openings.monster.com/integration-architect-chicago-il-us-computer-recruiters-inc/5ec1846b-4125-418b-9edc-c2e46b5f3e2e
Systems Administrator-Quality Analyst,Veeam,"Alpharetta, GA",https://job-openings.monster.com/systems-administrator-quality-analyst-alpharetta-ga-us-veeam/fee2aada-2bcb-467e-92e4-275d6329388c
Application Migration  \/  Data Center Transformation Technical Lead,Align Communications,"New York, NY",https://job-openings.monster.com/application-migration-data-center-transformation-technical-lead-new-york-ny-us-align-communications/674dc662-862d-44af-b971-552b1d3b7c79
"Seeking a Technical Writer in San Francisco, CA",OSI Engineering,"Daly City, CA",https://job-openings.monster.com/seeking-a-technical-writer-in-san-francisco-ca-daly-city-ca-us-osi-engineering/223515987
NodeJS Developer,The Execu|Search Group,"Whippany, NJ",https://job-openings.monster.com/nodejs-developer-whippany-nj-us-the-execu-search-group/223329396
"Sr Kubernetes Cloud Services Engineer Raleigh, Dallas, Chi, Minn, DSM, STL, PHX, NJ",Randstad Technologies,"Charlotte, NC",https://job-openings.monster.com/sr-kubernetes-cloud-services-engineer-raleigh-dallas-chi-minn-dsm-stl-phx-nj-charlotte-nc-us-randstad-technologies/223650395
Engineering Manager,Eliassen Group,"Washington, DC",https://job-openings.monster.com/engineering-manager-washington-dc-us-eliassen-group/223635303
Senior Manager – Platform Engineering,Interactive Brokers LLC,"Greenwich, CT",https://job-openings.monster.com/senior-manager-–-platform-engineering-greenwich-ct-us-interactive-brokers-llc/223574245
Developer (Specialty) IV,Genesis10,"Richfield, MN",https://job-openings.monster.com/developer-specialty-iv-richfield-mn-us-genesis10/223540465
"DevOps Engineers (AWS, Azure or GCP)",Jobot,"Gainesville, VA",https://job-openings.monster.com/devops-engineers-aws-azure-or-gcp-gainesville-va-us-jobot/223397493
Principal Software Engineer - Non IT,Butler America Aerospace,"Milwaukee, WI",https://job-openings.monster.com/principal-software-engineer-non-it-milwaukee-wi-us-butler-america-aerospace/223043888
IT Ecommerce Technical Lead - 16412,Impact Business Group Inc,"Benton Harbor, MI",https://job-openings.monster.com/it-ecommerce-technical-lead-16412-benton-harbor-mi-us-impact-business-group-inc/223717989
Lead Software Engineer,RCM Technologies,"Rockville, MD",https://job-openings.monster.com/lead-software-engineer-rockville-md-us-rcm-technologies/223714753
Compute Cloud Engineer,NTT DATA Services,"Hermitage, TN",https://job-openings.monster.com/compute-cloud-engineer-hermitage-tn-us-ntt-data-services/223329378
Principal Cloud/Systems Engineer -- Remote,Thryv,TX,https://job-openings.monster.com/principal-cloud-systems-engineer-remote-tx-us-thryv/223730090
Digital Marketing Specialist,Lighthouse Professional Services,"New haven, CT",https://job-openings.monster.com/digital-marketing-specialist-new-haven-ct-us-lighthouse-professional-services/223331479
Software Engineer - Object Oriented Development (OOD),Stefanini,"Detroit, MI",https://job-openings.monster.com/software-engineer-object-oriented-development-ood-detroit-mi-us-stefanini/223683045
AWS SME Manager--Full Time--Multiple Locations,TakeoTech,"Manhattan, NY",https://job-openings.monster.com/aws-sme-manager-full-time-multiple-locations-manhattan-ny-us-takeotech/223682234
Sr. Enterprise Data Architect,"EDI Specialists, Inc.","Bloomington, IL",https://job-openings.monster.com/sr-enterprise-data-architect-bloomington-il-us-edi-specialists-inc/223673369
"Cloud Reliability Engineer -Charlotte, NC",Digital Technology Solutions,"Charlotte, NC",https://job-openings.monster.com/cloud-reliability-engineer-charlotte-nc-charlotte-nc-us-digital-technology-solutions/223691906
Systems Analyst,"CALIBRE Systems, Inc.","Arlington, VA",https://job-openings.monster.com/systems-analyst-arlington-va-us-calibre-systems-inc/223659426
Integration Architect,Job Juncture,"Joliet, IL",https://job-openings.monster.com/integration-architect-joliet-il-us-job-juncture/fa7e57c5-837e-4d9c-aab9-72ccc4984d09
UI Developer,"Staffing Solutions Usa, Inc.","Aston, PA",https://job-openings.monster.com/ui-developer-aston-pa-us-staffing-solutions-usa-inc/222395010
BI Engineer,"TekPartners Solutions, LLC","Appleton, WI",https://job-openings.monster.com/bi-engineer-appleton-wi-us-tekpartners-solutions-llc/223745918
Professional Services Senior Engineer,IT Authorities,"TAMPA, FL",https://job-openings.monster.com/professional-services-senior-engineer-tampa-fl-us-it-authorities/223724065
Sr. Cloud Automation Engineer,Apex Systems,"Alpharetta, GA",https://job-openings.monster.com/sr-cloud-automation-engineer-alpharetta-ga-us-apex-systems/223701429
Senior Backend Developer - Salesforce Commerce Cloud,WinterWyman,"New York, NY",https://job-openings.monster.com/senior-backend-developer-salesforce-commerce-cloud-new-york-ny-us-winterwyman/223703471
Data Architect GCP,"Talascend, LLC","Newton, PA",https://job-openings.monster.com/data-architect-gcp-newton-pa-us-talascend-llc/223723901
Cloud Architect,"Nesco Resource, LLC","Dublin, OH",https://job-openings.monster.com/cloud-architect-dublin-oh-us-nesco-resource-llc/223308947
"Senior Financial Analyst, AWS FP&A Infrastructure",Amazon Corporate LLC,"Seattle, WA",https://job-openings.monster.com/senior-financial-analyst-aws-fp-a-infrastructure-seattle-wa-us-amazon-corporate-llc/223715565
Accountant I,Tri-Starr Personnel,"SAN ANTONIO, TX",https://job-openings.monster.com/accountant-i-san-antonio-tx-us-tri-starr-personnel/223569801
"Principal/Lead Software Engineer Python, RESTFul Microservice, CI/CD, Cloud, NoSQL",Intelliswift Software,"Littleton, CO",https://job-openings.monster.com/principal-lead-software-engineer-python-restful-microservice-ci-cd-cloud-nosql-littleton-co-us-intelliswift-software/221169284
Azure Engineer Consultant w/AIP,Vaco PLC,"New York, NY",https://job-openings.monster.com/azure-engineer-consultant-w-aip-new-york-ny-us-vaco-plc/223437413
QA Reviewer - Cloud Systems,USDM Life Sciences,"Cambridge, MA",https://job-openings.monster.com/qa-reviewer-cloud-systems-cambridge-ma-us-usdm-life-sciences/223400096
Data Architect (remote),"Lamoreaux Search, LLC","Philadelphia, PA",https://job-openings.monster.com/data-architect-remote-philadelphia-pa-us-lamoreaux-search-llc/223229573
IT Field Service Engineer,Skyriver IT,"SAN DIEGO, CA",https://job-openings.monster.com/it-field-service-engineer-san-diego-ca-us-skyriver-it/222920042
Google Cloud Platform - Cloud Engineer,Saicon Consultants Inc.,"Trophy Club, TX",https://job-openings.monster.com/google-cloud-platform-cloud-engineer-trophy-club-tx-us-saicon-consultants-inc/223268556
Senior Azure Cloud Developer,IBM,"Baton Rouge, LA",https://job-openings.monster.com/senior-azure-cloud-developer-baton-rouge-la-us-ibm/223697241
"Senior Software Engineer - Java, AWS, Remote",CyberCoders,"Austin, TX",https://job-openings.monster.com/senior-software-engineer-java-aws-remote-austin-tx-us-cybercoders/223743022
Genesys Lead Engineer (Genesys Cloud experience preferred) -Works from Home,"Lumen Technologies, Inc","LITTLETON, CO",https://job-openings.monster.com/genesys-lead-engineer-genesys-cloud-experience-preferred-works-from-home-littleton-co-us-lumen-technologies-inc/59f54948-0db0-43b0-af23-84b9e11050ce
DevOps Engineer,Fidelity TalentSource,"Durham, NC",https://job-openings.monster.com/devops-engineer-durham-nc-us-fidelity-talentsource/d6a6d3ca-1cf1-4655-a6df-c320b7b7c2eb
Customer Success Architect,Kratos Defense & Security Solutions,"Colorado Springs, CO",https://job-openings.monster.com/customer-success-architect-colorado-springs-co-us-kratos-defense-security-solutions/64a12268-2137-4175-9b46-67e71323ee13
Full Stack Developer,Power Fusion Media,WA,https://job-openings.monster.com/full-stack-developer-wa-us-power-fusion-media/e3a46c73-b3fa-4043-90fc-08482ac15016
IT Professional,PSEG,"Newark, NJ",https://job-openings.monster.com/it-professional-newark-nj-us-pseg/223118666
Director Legal Operations,Honeywell,"Charlotte, NC",https://job-openings.monster.com/director-legal-operations-charlotte-nc-us-honeywell/223349796
Senior IT Security Engineer,"Pyramid Consulting, Inc","Los Angeles, CA",https://job-openings.monster.com/senior-it-security-engineer-los-angeles-ca-us-pyramid-consulting-inc/eaf12bb5-4647-43a6-affd-be2c4e05015a
GCP Data Engineer,Virtusa,"Buffalo, NY",https://job-openings.monster.com/gcp-data-engineer-buffalo-ny-us-virtusa/219540497
Cloud Infrastructure Engineer - DNA,Bloomberg,"New York, NY",https://job-openings.monster.com/cloud-infrastructure-engineer-dna-new-york-ny-us-bloomberg/9ec1a0fc-046a-4bd0-92fa-0599fe997b16
"Senior Manager, DevOps Engineering",Capital One,Parcel Return Service,https://job-openings.monster.com/senior-manager-devops-engineering-parcel-return-service-us-capital-one/84067ab9-a20f-4af7-a374-349c234a4e1e
Lead Software Engineer,"Beacon Hill Staffing Group, LLC","Washington, IN",https://job-openings.monster.com/lead-software-engineer-washington-in-us-beacon-hill-staffing-group-llc/223439267
Senior Cloud Architect,Teradata,"San Diego, CA",https://job-openings.monster.com/senior-cloud-architect-san-diego-ca-us-teradata/1fcab476-e324-483b-9708-c8114ff319cb
AWS Data Pipeline/ Spark Developer,Cognizant,"Boston, MA",https://job-openings.monster.com/aws-data-pipeline-spark-developer-boston-ma-us-cognizant/223107594
Cloud Infrastructure Engineer,ZoomInfo,"Newton Center, MA",https://job-openings.monster.com/cloud-infrastructure-engineer-newton-center-ma-us-zoominfo/c8d76f9d-dcbf-43fb-a623-6bf68e9a801c
Solutions Architect- Kubernetes- Central,Veeam,"Columbus, OH",https://job-openings.monster.com/solutions-architect-kubernetes-central-columbus-oh-us-veeam/6d3eeba7-bdc0-4d74-b549-1edf46075c34
"DevOps Engineers (AWS, Azure or GCP)",Jobot,"Washington DC, DC",https://job-openings.monster.com/devops-engineers-aws-azure-or-gcp-washington-dc-dc-us-jobot/223397658
Sr. Solutions Architect - Google Cloud,Softchoice Corporation,"Seattle, WA",https://job-openings.monster.com/sr-solutions-architect-google-cloud-seattle-wa-us-softchoice-corporation/223711594
Cloud Reliability Engineer,Randstad Technologies,"Charlotte, NC",https://job-openings.monster.com/cloud-reliability-engineer-charlotte-nc-us-randstad-technologies/223687933
Data Migration Engineer,Stefanini,"Plano, TX",https://job-openings.monster.com/data-migration-engineer-plano-tx-us-stefanini/223652551
Quality Lead Jr,Genesis10,"Brooklyn, OH",https://job-openings.monster.com/quality-lead-jr-brooklyn-oh-us-genesis10/223434104
VP Automation Digitizing Engineering Manager,LPL Financial,"Austin, TX",https://job-openings.monster.com/vp-automation-digitizing-engineering-manager-austin-tx-us-lpl-financial/ee301871-2b91-4399-9e0d-ee3072e2bb28
VP of Production Engineering,Salesforce,"Bellevue, WA",https://job-openings.monster.com/vp-of-production-engineering-bellevue-wa-us-salesforce/c4eb6d01-a024-47c9-aaef-e4ac6479dd41
Senior Azure Engineer / Architect   217325,Vaco - Dallas,"Richardson, TX",https://job-openings.monster.com/senior-azure-engineer-architect-217325-richardson-tx-us-vaco-dallas/223234186
Cloud PreSales Solution Architect,HCL Americas,"Sunnyvale, CA",https://job-openings.monster.com/cloud-presales-solution-architect-sunnyvale-ca-us-hcl-americas/223385744
"Cloud Architect - Plano, TX -  275125",AIC,"Plano, TX",https://job-openings.monster.com/cloud-architect-plano-tx-275125-plano-tx-us-aic/219752679
VP Engineering,Sotheby's,"New York, NY",https://job-openings.monster.com/vp-engineering-new-york-ny-us-sothebys/d7b7a6d5-6ca8-4ff8-9964-51104cef5c0a
Head of DevOps/SRE,Armorblox,"Cupertino, CA",https://job-openings.monster.com/head-of-devops-sre-cupertino-ca-us-armorblox/cf55124c-8f7b-462c-bd20-20329429aa41
VP of Product Security,Palo Alto Networks,"Santa Clara, CA",https://job-openings.monster.com/vp-of-product-security-santa-clara-ca-us-palo-alto-networks/b8d2b49e-c2bd-4a75-b348-235fa6014828
VP of Engineering Avalanche,Actian,"Round Rock, TX",https://job-openings.monster.com/vp-of-engineering-avalanche-round-rock-tx-us-actian/7c5f70f0-3eab-4f3f-96a9-0d46133af57a
VP of Business Development,Logz.io,"Boston, MA",https://job-openings.monster.com/vp-of-business-development-boston-ma-us-logz-io/9855968e-7022-4621-b318-683c3cec9c03
Cassandra + AWS / GCP,The Judge Group,"San Francisco, CA",https://job-openings.monster.com/cassandra-aws-gcp-san-francisco-ca-us-the-judge-group/223325650
Data Science Engineer,"BioIntelliSense , Inc.","Golden, CO",https://job-openings.monster.com/data-science-engineer-golden-co-us-biointellisense-inc/c993d4c1-7507-41ca-8bf5-b47f5a0735da
Senior Java/Hadoop Developer,Net2Source,"Dulles, VA",https://job-openings.monster.com/senior-java-hadoop-developer-dulles-va-us-net2source/223297497
Chief Technology Officer National Security Programs CTJ,Microsoft,"Chevy Chase, MD",https://job-openings.monster.com/chief-technology-officer-national-security-programs-ctj-chevy-chase-md-us-microsoft/2a254ab9-0f8c-4fed-87e4-448b11c02815
VP Advanced Technology Media,Spectrum,"New York, NY",https://job-openings.monster.com/vp-advanced-technology-media-new-york-ny-us-spectrum/cdef2c01-fc1e-40a2-8d31-b06d5f010c23
Software Engineer Java- ( Strong AWS),A-Line Staffing Solutions,"Chapel Hill, NC",https://job-openings.monster.com/software-engineer-java-strong-aws-chapel-hill-nc-us-a-line-staffing-solutions/223351546
SaaS Technical Support,"Nesco Resource, LLC","Neenah, WI",https://job-openings.monster.com/saas-technical-support-neenah-wi-us-nesco-resource-llc/223385450
Principal Software Engineer - Non IT,CorTech LLC,"Milwaukee, WI",https://job-openings.monster.com/principal-software-engineer-non-it-milwaukee-wi-us-cortech-llc/223051763
Principal Software Engineer,Applicantz Inc,"Milwaukee, WI",https://job-openings.monster.com/principal-software-engineer-milwaukee-wi-us-applicantz-inc/223042733
Principal Software Engineer,Apidel Technologies,"Milwaukee, WI",https://job-openings.monster.com/principal-software-engineer-milwaukee-wi-us-apidel-technologies/223039853
Data Product Manager,"Harvey Nash, Inc","New York, NY",https://job-openings.monster.com/data-product-manager-new-york-ny-us-harvey-nash-inc/223378571
Solutions Architect IV,Tekmark Global Solutions,GA,https://job-openings.monster.com/solutions-architect-iv-ga-us-tekmark-global-solutions/223076116
100% REMOTE Data Engineer,CyberCoders,"San Francisco, CA",https://job-openings.monster.com/100-remote-data-engineer-san-francisco-ca-us-cybercoders/223706818
Senior DevOps - Perm,Atlantic Partners,"Irvine, CA",https://job-openings.monster.com/senior-devops-perm-irvine-ca-us-atlantic-partners/223722664
Principal Engineer/Architect,Thryv,"DFW Airport, TX",https://job-openings.monster.com/principal-engineer-architect-dfw-airport-tx-us-thryv/223730096
Tableau Developer,Apex Systems,"San Antonio, TX",https://job-openings.monster.com/tableau-developer-san-antonio-tx-us-apex-systems/223701457
Performance Engineer Analyst,NTT DATA Services,"Hermitage, TN",https://job-openings.monster.com/performance-engineer-analyst-hermitage-tn-us-ntt-data-services/223307373
App Dev - Java – Guru,"ICONMA, LLC","San Francisco, CA",https://job-openings.monster.com/app-dev-java-–-guru-san-francisco-ca-us-iconma-llc/223247010
Data Analyst,SAIC,"Scott AFB, IL",https://job-openings.monster.com/data-analyst-scott-afb-il-us-saic/223628859
Principal Angular Developer,Ascent Services Group,"Englewood, CO",https://job-openings.monster.com/principal-angular-developer-englewood-co-us-ascent-services-group/223070652
Marketing Manager,Compunnel Inc,"Boulder, CO",https://job-openings.monster.com/marketing-manager-boulder-co-us-compunnel-inc/223724360
Clinical IT Systems Project Manager,USDM Life Sciences,"San Francisco, CA",https://job-openings.monster.com/clinical-it-systems-project-manager-san-francisco-ca-us-usdm-life-sciences/223639162
Databricks Consultant - Remote,Diversant LLC,"Remote, OR",https://job-openings.monster.com/databricks-consultant-remote-remote-or-us-diversant-llc/223481288
Data Engineer Co'Op - Cloud Pak for Data,IBM,"New York, NY",https://job-openings.monster.com/data-engineer-coop-cloud-pak-for-data-new-york-ny-us-ibm/223117286
Cloud HPC Architect,CyberCoders,"Houston, TX",https://job-openings.monster.com/cloud-hpc-architect-houston-tx-us-cybercoders/223706931
Customer Success Engineer (Satcom),Kratos Defense & Security Solutions,"Colorado Springs, CO",https://job-openings.monster.com/customer-success-engineer-satcom-colorado-springs-co-us-kratos-defense-security-solutions/b34ef64c-1397-40cb-b9d1-45a1331e9724
Networks Engineer,Fidelity TalentSource,"Westlake, TX",https://job-openings.monster.com/networks-engineer-westlake-tx-us-fidelity-talentsource/9c761adb-3d4b-4fd6-a39c-bf4d6e199187
Full Stack Developer,Power Fusion Media,TN,https://job-openings.monster.com/full-stack-developer-tn-us-power-fusion-media/86aaaadc-d10e-49d6-b169-d1af9689db28
Senior Lead Product Manager- Nationwide,"Lumen Technologies, Inc","BROOMFIELD, CO",https://job-openings.monster.com/senior-lead-product-manager-nationwide-broomfield-co-us-lumen-technologies-inc/7f878a89-4901-47af-8a00-b9864dc51302
"Senior Manager, Software Engineering (Java Full Stack)",Capital One,"Richmond, VA",https://job-openings.monster.com/senior-manager-software-engineering-java-full-stack-richmond-va-us-capital-one/ed2fbd02-0270-4729-a0c2-a84abe831f9b
Cloud Infrastructure Engineer,ZoomInfo,"Watertown, MA",https://job-openings.monster.com/cloud-infrastructure-engineer-watertown-ma-us-zoominfo/c3f9a325-00b5-424e-a2aa-c51fc8e006bb
Hadoop Developer,Cognizant,"Minneapolis, MN",https://job-openings.monster.com/hadoop-developer-minneapolis-mn-us-cognizant/223357438
"DevSecOps, SRE",Teradata,"San Diego, CA",https://job-openings.monster.com/devsecops-sre-san-diego-ca-us-teradata/cbc8b4a3-a66b-4146-9fc6-a446c27b5f02
"DevOps Engineers (AWS, Azure or GCP)",Jobot,"Leesburg, VA",https://job-openings.monster.com/devops-engineers-aws-azure-or-gcp-leesburg-va-us-jobot/223230772
Cloud Reliability Engineer,Randstad Technologies,"Charlotte, NC",https://job-openings.monster.com/cloud-reliability-engineer-charlotte-nc-us-randstad-technologies/223687318
Data Migration Engineer,Stefanini,"Austin, TX",https://job-openings.monster.com/data-migration-engineer-austin-tx-us-stefanini/223652594
Devops Engineer with Azure Kubernetes(AKS),The Judge Group,"Des Moines, IA",https://job-openings.monster.com/devops-engineer-with-azure-kubernetes-aks-des-moines-ia-us-the-judge-group/223035462
VMware Engineer,HCL Americas,"Dallas, TX",https://job-openings.monster.com/vmware-engineer-dallas-tx-us-hcl-americas/223589004
Software Developer( Java or Groovy/Google Cloud),RK Management Consultants,"Minneapolis, MN",https://job-openings.monster.com/software-developer-java-or-groovy-google-cloud-minneapolis-mn-us-rk-management-consultants/219705585
Linux Engineer,"Nesco Resource, LLC","Columbus, OH",https://job-openings.monster.com/linux-engineer-columbus-oh-us-nesco-resource-llc/223362780
Sr. Data Engineer,"Harvey Nash, Inc","New York, NY",https://job-openings.monster.com/sr-data-engineer-new-york-ny-us-harvey-nash-inc/223305107
Network Architect - Remote Position,NTT DATA Services,"Louisville, KY",https://job-openings.monster.com/network-architect-remote-position-louisville-ky-us-ntt-data-services/223547348
IBM ISAM Engineer,Apex Systems,"Cedar Rapids, IA",https://job-openings.monster.com/ibm-isam-engineer-cedar-rapids-ia-us-apex-systems/223484954
"Sr. Developer/Consultant, Conversational AI",AIC,"Dublin, OH",https://job-openings.monster.com/sr-developer-consultant-conversational-ai-dublin-oh-us-aic/223590024
Data Engineer Co'Op - Cloud Pak for Data,IBM,"Austin, TX",https://job-openings.monster.com/data-engineer-coop-cloud-pak-for-data-austin-tx-us-ibm/223116875
100% Remote Sr Lifecycle Marketing Manager- B2B SaaS,CyberCoders,"Dallas, TX",https://job-openings.monster.com/100-remote-sr-lifecycle-marketing-manager-b2b-saas-dallas-tx-us-cybercoders/223706960
Full Stack Developer,Power Fusion Media,NH,https://job-openings.monster.com/full-stack-developer-nh-us-power-fusion-media/7b7b65f2-c2b7-4cf8-bd7a-423c393c894d
"Sr Architect - Data Engineering - Broomfield, CO","Lumen Technologies, Inc","BROOMFIELD, CO",https://job-openings.monster.com/sr-architect-data-engineering-broomfield-co-broomfield-co-us-lumen-technologies-inc/b128ad2a-cf39-4171-9772-5e02cbbf3c1f
"Manager, Security Consultant - Information Security Office",Capital One,Suitland,https://job-openings.monster.com/manager-security-consultant-information-security-office-suitland-us-capital-one/e8265f59-4afd-4cc7-b84c-45cd0f0e8a84
Cloud Infrastructure Engineer,ZoomInfo,"Newton, MA",https://job-openings.monster.com/cloud-infrastructure-engineer-newton-ma-us-zoominfo/95cc9308-578f-4d3d-8fcc-25d65abe5cd0
Hadoop Developer,Cognizant,"Raleigh, NC",https://job-openings.monster.com/hadoop-developer-raleigh-nc-us-cognizant/223355665
Cloud Engineer,Randstad Technologies,"Lakewood, OH",https://job-openings.monster.com/cloud-engineer-lakewood-oh-us-randstad-technologies/223688916
Performance Test Engineer,Stefanini,"Boston, MA",https://job-openings.monster.com/performance-test-engineer-boston-ma-us-stefanini/223649971
Senior Cloud Engineer,Jobot,"Portland, OR",https://job-openings.monster.com/senior-cloud-engineer-portland-or-us-jobot/223588646
Web Developer,The Judge Group,"Lawrenceville, GA",https://job-openings.monster.com/web-developer-lawrenceville-ga-us-the-judge-group/223065083
IT Project Manager,"Nesco Resource, LLC","Painted Post, NY",https://job-openings.monster.com/it-project-manager-painted-post-ny-us-nesco-resource-llc/223299819
Jr DevOps Engineer,NTT DATA Services,"Hermitage, TN",https://job-openings.monster.com/jr-devops-engineer-hermitage-tn-us-ntt-data-services/223398098
Software Application Engineer,"Harvey Nash, Inc","Portland, OR",https://job-openings.monster.com/software-application-engineer-portland-or-us-harvey-nash-inc/223739186
Information Security Engineering - Sr (IAM-SSO),Apex Systems,"Alpharetta, GA",https://job-openings.monster.com/information-security-engineering-sr-iam-sso-alpharetta-ga-us-apex-systems/223665498
Data Integration Engineer,AIC,"Dublin, OH",https://job-openings.monster.com/data-integration-engineer-dublin-oh-us-aic/223589929
GCP Security Engineer,HCL Americas,"Dallas, TX",https://job-openings.monster.com/gcp-security-engineer-dallas-tx-us-hcl-americas/223385749
Data Engineer Co'Op - Cloud Pak for Data,IBM,"Raleigh, NC",https://job-openings.monster.com/data-engineer-coop-cloud-pak-for-data-raleigh-nc-us-ibm/223116675
100% Remote Sr Lifecycle Marketing Manager- B2B SaaS,CyberCoders,"Dallas, TX",https://job-openings.monster.com/100-remote-sr-lifecycle-marketing-manager-b2b-saas-dallas-tx-us-cybercoders/223706966
Full Stack Developer,Power Fusion Media,NV,https://job-openings.monster.com/full-stack-developer-nv-us-power-fusion-media/71f2e8cf-0446-498c-859b-66300e0bad8b
Azure Cloud Developer,IBM,"Baton Rouge, LA",https://job-openings.monster.com/azure-cloud-developer-baton-rouge-la-us-ibm/223697239
Senior Manager Data Science - Colorado,"Lumen Technologies, Inc","BROOMFIELD, CO",https://job-openings.monster.com/senior-manager-data-science-colorado-broomfield-co-us-lumen-technologies-inc/a970f75b-a1fa-4bc8-80a4-8eeff4504f5c
"Senior Manager, Security Consultant - Information Security Office",Capital One,"McLean, VA",https://job-openings.monster.com/senior-manager-security-consultant-information-security-office-mclean-va-us-capital-one/e59ac4ca-7a7d-484b-9d6b-ef7bdd65e70c
Cloud Infrastructure Engineer,ZoomInfo,"Brighton, MA",https://job-openings.monster.com/cloud-infrastructure-engineer-brighton-ma-us-zoominfo/938b831a-de71-4afa-a4ec-b084636c1675
Hadoop Developer,Cognizant,"Richmond, VA",https://job-openings.monster.com/hadoop-developer-richmond-va-us-cognizant/223294712
Senior Cloud Engineer,Jobot,"San Francisco, CA",https://job-openings.monster.com/senior-cloud-engineer-san-francisco-ca-us-jobot/223187177
Cloud Architect,Randstad Technologies,"Pittsburgh, PA",https://job-openings.monster.com/cloud-architect-pittsburgh-pa-us-randstad-technologies/223535108
Digital Marketing Specialist,"Nesco Resource, LLC","New Haven, CT",https://job-openings.monster.com/digital-marketing-specialist-new-haven-ct-us-nesco-resource-llc/223378194
Network/Devops Engineer,The Judge Group,"REMOTE, OR",https://job-openings.monster.com/network-devops-engineer-remote-or-us-the-judge-group/223323187
Platform Engineer,"Harvey Nash, Inc","Seattle, WA",https://job-openings.monster.com/platform-engineer-seattle-wa-us-harvey-nash-inc/223144595
Global Security – Cloud Penetration Testing Consultant - X-Force Red,IBM,"New York, NY",https://job-openings.monster.com/global-security-–-cloud-penetration-testing-consultant-x-force-red-new-york-ny-us-ibm/223310508
Product Marketing Manager - SaaS,CyberCoders,"Austin, TX",https://job-openings.monster.com/product-marketing-manager-saas-austin-tx-us-cybercoders/223670742
Full Stack Developer,Power Fusion Media,FL,https://job-openings.monster.com/full-stack-developer-fl-us-power-fusion-media/2831af9a-e5fa-46d5-966c-7bf677cee746
Senior Software Engineer - Capital One Shopping,Capital One,"Richmond, VA",https://job-openings.monster.com/senior-software-engineer-capital-one-shopping-richmond-va-us-capital-one/e109598a-7760-4a90-87d0-399ddff6e340
Cloud Infrastructure Engineer,ZoomInfo,"Belmont, MA",https://job-openings.monster.com/cloud-infrastructure-engineer-belmont-ma-us-zoominfo/60aaea72-f2c2-4095-9f69-515a31a5e38f
Hadoop Developer,Cognizant,"Chicago, IL",https://job-openings.monster.com/hadoop-developer-chicago-il-us-cognizant/223295691
Senior Cloud Engineer,Jobot,"Salt Lake City, UT",https://job-openings.monster.com/senior-cloud-engineer-salt-lake-city-ut-us-jobot/223187165
Systems Engineer III,Randstad Technologies,"Charlotte, NC",https://job-openings.monster.com/systems-engineer-iii-charlotte-nc-us-randstad-technologies/223687346
GCP Data Platform Architect,"Nesco Resource, LLC","Columbus, FL",https://job-openings.monster.com/gcp-data-platform-architect-columbus-fl-us-nesco-resource-llc/223287678
Database Applications Developer - III,The Judge Group,"Alpharetta, GA",https://job-openings.monster.com/database-applications-developer-iii-alpharetta-ga-us-the-judge-group/223247515
Sr. Software Engineer - Fullstack,"Harvey Nash, Inc","Bellevue, WA",https://job-openings.monster.com/sr-software-engineer-fullstack-bellevue-wa-us-harvey-nash-inc/223163524
Infrastructure Specialist - Cloud,IBM,"Austin, TX",https://job-openings.monster.com/infrastructure-specialist-cloud-austin-tx-us-ibm/223340485
"Business Development Representative (SaaS), Healthcare Sales",CyberCoders,"Raleigh, NC",https://job-openings.monster.com/business-development-representative-saas-healthcare-sales-raleigh-nc-us-cybercoders/223670975
Full Stack Developer,Power Fusion Media,WY,https://job-openings.monster.com/full-stack-developer-wy-us-power-fusion-media/1a693d41-0ffb-4d28-aa97-05542b69256f
Master Node Engineer,Capital One,"Chester, VA",https://job-openings.monster.com/master-node-engineer-chester-va-us-capital-one/e0b73224-4d71-43dc-86c3-7df9cd74c43f
Cloud Infrastructure Engineer,ZoomInfo,"Waltham, MA",https://job-openings.monster.com/cloud-infrastructure-engineer-waltham-ma-us-zoominfo/54b6961b-ef67-4513-93e9-f4e9e8ca8dcd
CSOD Consultant,"NIIT USA, Inc.","Austin, TX",https://job-openings.monster.com/csod-consultant-austin-tx-us-niit-usa-inc/223503529
Hadoop Developer,Cognizant,"Phoenix, AZ",https://job-openings.monster.com/hadoop-developer-phoenix-az-us-cognizant/223293046
Senior Cloud Engineer,Jobot,"Denver, CO",https://job-openings.monster.com/senior-cloud-engineer-denver-co-us-jobot/223187162
Back end Java Developer,Randstad Technologies,"Minneapolis, MN",https://job-openings.monster.com/back-end-java-developer-minneapolis-mn-us-randstad-technologies/223541016
Geospatial Big Data & Cloud Ops Engineer,The Judge Group,"REMOTE, OR",https://job-openings.monster.com/geospatial-big-data-cloud-ops-engineer-remote-or-us-the-judge-group/223248124
Global Security – Cloud Penetration Testing Consultant - X-Force Red,IBM,"Raleigh, NC",https://job-openings.monster.com/global-security-–-cloud-penetration-testing-consultant-x-force-red-raleigh-nc-us-ibm/223308901
"Business Development Representative (SaaS), Healthcare Sales",CyberCoders,"Charlotte, NC",https://job-openings.monster.com/business-development-representative-saas-healthcare-sales-charlotte-nc-us-cybercoders/223670977
Full Stack Developer,Power Fusion Media,TX,https://job-openings.monster.com/full-stack-developer-tx-us-power-fusion-media/0f0dc7bb-3c3f-4628-b970-a28fbca86e5c
Master Data Engineer (Scala),Capital One,"Mechanicsville, VA",https://job-openings.monster.com/master-data-engineer-scala-mechanicsville-va-us-capital-one/d1bca607-ec2d-4b06-ace5-c0b3808360d5
Cloud Infrastructure Engineer,ZoomInfo,"West Newton, MA",https://job-openings.monster.com/cloud-infrastructure-engineer-west-newton-ma-us-zoominfo/546edbf1-94d9-4c6c-9d1e-4b8160b66494
Hadoop Developer,Cognizant,"Plano, TX",https://job-openings.monster.com/hadoop-developer-plano-tx-us-cognizant/223295533
Senior Cloud Engineer,Jobot,"Austin, TX",https://job-openings.monster.com/senior-cloud-engineer-austin-tx-us-jobot/223187171
Senior IT Auditor,Randstad Technologies,"McLean, VA",https://job-openings.monster.com/senior-it-auditor-mclean-va-us-randstad-technologies/223371694
Global Security – Cloud Penetration Testing Consultant - X-Force Red,IBM,"Austin, TX",https://job-openings.monster.com/global-security-–-cloud-penetration-testing-consultant-x-force-red-austin-tx-us-ibm/223309637
"Business Development Representative (SaaS), Healthcare Sales",CyberCoders,"Atlanta, GA",https://job-openings.monster.com/business-development-representative-saas-healthcare-sales-atlanta-ga-us-cybercoders/223670935
"Manager, Software Engineering (Java Full Stack)",Capital One,"Rockville, VA",https://job-openings.monster.com/manager-software-engineering-java-full-stack-rockville-va-us-capital-one/bd6a3bc8-3924-4a08-a1bb-650514a330df
Cloud Infrastructure Engineer,ZoomInfo,"Weston, MA",https://job-openings.monster.com/cloud-infrastructure-engineer-weston-ma-us-zoominfo/3df98bab-6bed-4ec0-b302-f952042c6d08
Principal Architect DevOps,Cognizant,"New York, NY",https://job-openings.monster.com/principal-architect-devops-new-york-ny-us-cognizant/223625111
Senior Cloud Engineer,Jobot,"Dallas, TX",https://job-openings.monster.com/senior-cloud-engineer-dallas-tx-us-jobot/223187168
Data Software Engineer,Randstad Technologies,"Irvine, CA",https://job-openings.monster.com/data-software-engineer-irvine-ca-us-randstad-technologies/223653158
SQL Server Data Engineer,The Judge Group,"Bridgewater, NJ",https://job-openings.monster.com/sql-server-data-engineer-bridgewater-nj-us-the-judge-group/223620661
Site Reliability Engineer,Tential,"McLean , VA",https://job-openings.monster.com/site-reliability-engineer-mclean-va-us-tential/223536471
"Full Stack Developer - Python, JavaScript - Culture & Opp!!",CyberCoders,"Piscataway Township, NJ",https://job-openings.monster.com/full-stack-developer-python-javascript-culture-opp-piscataway-township-nj-us-cybercoders/223639883
Sr. Product Marketing Manager,IBM,"New York, NY",https://job-openings.monster.com/sr-product-marketing-manager-new-york-ny-us-ibm/223445906
Master Node Engineer,Capital One,"Charles City, VA",https://job-openings.monster.com/master-node-engineer-charles-city-va-us-capital-one/78e94b57-b74a-48d9-8f22-6aa048e7bc4b
Cloud Infrastructure Engineer,ZoomInfo,"Arlington, MA",https://job-openings.monster.com/cloud-infrastructure-engineer-arlington-ma-us-zoominfo/2db72e9b-4253-439f-9aee-e73a95d1428b
Campground General Manager,Ozark Outdoors Resort,"Leasburg, MO",https://job-openings.monster.com/campground-general-manager-leasburg-mo-us-ozark-outdoors-resort/223632281
Chief Architect - DevOps,Cognizant,"New York, NY",https://job-openings.monster.com/chief-architect-devops-new-york-ny-us-cognizant/223626874
Senior Cloud Engineer,Jobot,"Boston, MA",https://job-openings.monster.com/senior-cloud-engineer-boston-ma-us-jobot/223187186
DevOps Engineer,Randstad Technologies,"Cranberry Twp, PA",https://job-openings.monster.com/devops-engineer-cranberry-twp-pa-us-randstad-technologies/223653370
full stack engineer,The Judge Group,"Schaumburg (Township), IL",https://job-openings.monster.com/full-stack-engineer-schaumburg-township-il-us-the-judge-group/223247923
Sr. Product Marketing Manager,IBM,"Austin, TX",https://job-openings.monster.com/sr-product-marketing-manager-austin-tx-us-ibm/223445460
Senior Node Engineer,Capital One,"Fort Lee, VA",https://job-openings.monster.com/senior-node-engineer-fort-lee-va-us-capital-one/6af8c774-ca6f-4280-967d-31e068698645
Big Data Engineer,Cognizant,"San Francisco, CA",https://job-openings.monster.com/big-data-engineer-san-francisco-ca-us-cognizant/223328249
Senior Cloud Engineer,Jobot,"San Jose, CA",https://job-openings.monster.com/senior-cloud-engineer-san-jose-ca-us-jobot/223187183
Principal Infrastructure Engineer - ElasticSearch,ZoomInfo,"Waltham, MA",https://job-openings.monster.com/principal-infrastructure-engineer-elasticsearch-waltham-ma-us-zoominfo/fd5de7bf-082c-4c8a-acba-07401728fc45
Software Engineer,Randstad Technologies,"Chicago, IL",https://job-openings.monster.com/software-engineer-chicago-il-us-randstad-technologies/223652919
Sr. Product Marketing Manager,IBM,"Raleigh, NC",https://job-openings.monster.com/sr-product-marketing-manager-raleigh-nc-us-ibm/223444924
Senior Data Engineer (Scala),Capital One,"Charles City, VA",https://job-openings.monster.com/senior-data-engineer-scala-charles-city-va-us-capital-one/5cc5ad46-be59-43f2-9890-7090103636bb
Senior Cloud Engineer,Jobot,"Los Angeles, CA",https://job-openings.monster.com/senior-cloud-engineer-los-angeles-ca-us-jobot/223187180
Kubernetes Engineer,ZoomInfo,"Belmont, MA",https://job-openings.monster.com/kubernetes-engineer-belmont-ma-us-zoominfo/f65aa7b5-f0da-4663-8972-ef080e31bcaf
Software Engineer,Randstad Technologies,"Washington DC, DC",https://job-openings.monster.com/software-engineer-washington-dc-dc-us-randstad-technologies/223657955
